num_leaves,learning_rate,AUPRC,F1,tau
31,0.05,0.9997634333419292,0.9997028988582828,0.05
127,0.05,0.9997579591042078,0.999660441426146,0.05
63,0.05,0.999743141360328,0.999660441426146,0.05
63,0.1,0.999711571814283,0.9997028988582828,0.05
31,0.1,0.9997017739595191,0.9997028988582828,0.05
127,0.2,0.9996776836854971,0.999660441426146,0.05
127,0.1,0.9996657276996088,0.999660441426146,0.05
63,0.2,0.9996021050534227,0.999660441426146,0.05
31,0.2,0.9995920591273839,0.9997028988582828,0.05
